Type,Title,Description,Classification
Title,Transfer Attacks and Defenses for Large Language Models on Coding Tasks,,0
Reference,SmoothLLM: Defending Large Language Models Against Jailbreaking Attacks,"1. 总结文章内容：
   该论文介绍了一种名为SmoothLLM的算法，旨在减轻大型语言模型（如GPT, Llama, Claude, 和 PaLM）面临的“越狱”攻击（jailbreaking attacks）。在这种攻击中，攻击者欺骗语言模型生成令人反感的内容。SmoothLLM通过扰动输入提示并对预测进行聚合，检测对抗性输入，从而减少攻击成功率。该方法不仅减少不必要的保守性，提供攻击缓解的可证明保证，而且相比现有攻击方法，SmoothLLM查询次数呈指数级减少，并且可以与任何大型语言模型兼容。

2. 判断是否关于代码模型任务：
   根据摘要，文章并未明确提到代码模型任务，而是聚焦于自然语言处理（NLP）领域的大型语言模型的安全性。因此，这部分内容与代码模型任务无关。

3. 分析是否涉及针对代码任务模型安全领域：
   论文中提到的攻击和防御策略是针对语言模型的，而不是直接针对代码任务模型。尽管 SmoothLLM 可以与任何大型语言模型配合使用，但论文的焦点并不是代码任务模型的安全性。

4. 综合分类：
   根据上述分析，第二点和第三点都不是关于代码模型任务的内容，因此最后的输出是 0。 

综上所述，对于提供的论文摘要，综合分类结果为 0。",0
Reference,Certifying LLM Safety against Adversarial Prompting,"1. 文章内容总结：
   这篇文章主要探讨了大型语言模型（LLM）在面对恶意输入时易受攻击的问题。攻击者通过在输入提示中添加恶意令牌，绕过LLM的安全防护，使其产生有害内容。为了解决这个问题，文章提出了一个名为“erase-and-check”的框架，这是首个提供可证明安全保证的对抗性提示防御框架。该过程会逐个删除令牌，并使用安全过滤器检查生成的子序列。该安全证书保证，在攻击规模达到一定程度之前，不会将有害提示错误地标记为安全。文章实现了两种安全过滤器的方法，分别使用Llama 2和DistilBERT，并比较了两种情况下erase-and-check的性能。文章还研究了针对三种攻击模式的防御：后缀攻击、插入攻击和混合攻击。此外，文章提出了三种有效的经验防御方法，并在由Greedy Coordinate Gradient（GCG）攻击算法生成的对抗性提示上证明了它们的有效性。

2. 是否关于代码模型任务：
   从摘要来看，文章主要关注的是语言模型在处理输入提示时的安全防护问题，而不是直接关注代码模型任务。因此，它似乎更偏向于自然语言处理（NLP）领域，而不是代码相关任务。

3. 是否涉及针对代码任务模型安全领域的攻击和防御：
   虽然文章讨论的是语言模型的安全性问题，但这个概念可以延伸到代码任务模型，尤其是当这些模型用于处理代码相关的文本输入时。文章提出了防御机制，这些机制在理论上也可以用于保护代码模型免受类似攻击。

4. 综合分类：
   根据第二点和第三点的分析，这篇文章既涉及了与自然语言处理相关的安全领域，也可能与代码任务模型的安全领域有关。但由于其主要焦点并不在代码模型任务上，所以综合分类结果为 0。

最终答案：0",0
Reference,Baseline Defenses for Adversarial Attacks Against Aligned Language Models,"1. 文章内容总结：
   该论文讨论了大型语言模型（LLM）在安全性方面的漏洞。随着LLM的广泛应用，理解其安全性弱点变得至关重要。文章引用了最近的研究，表明文本优化器能够生成绕过审查和调整的“越狱”提示。该研究借鉴了对抗性机器学习的丰富工作，通过三个问题来探讨这些攻击：在LLM领域哪些威胁模型实际上是有用的？在这个新领域中，基准防御技术表现如何？LLM安全性与计算机视觉有何不同？研究者对几种基准防御策略进行了评估，这些策略针对的是LLM上的主要对抗性攻击，讨论了每种防御策略在实际中可行和有效的各种设置。特别是，文章研究了三种类型的防御：检测（基于困惑度），输入预处理（释义和重新分词）以及对抗性训练。文章还讨论了白盒和灰盒设置，并讨论了每种防御的鲁棒性-性能权衡。研究发现，现有文本离散优化器的弱点，加上相对较高的优化成本，使得对LLM的标准适应性攻击更具挑战性。未来研究将需要揭示是否可以开发出更强大的优化器，或者LLM领域的过滤和预处理防御是否比计算机视觉领域更强。

2. 是否关于代码模型任务：
   从摘要来看，文章并没有明确指出是专门针对代码模型任务。它主要讨论的是大型语言模型（LLM）的安全性，而非特定于代码执行或代码生成任务。因此，这一点应被分类为0。

3. 是否涉及针对代码任务模型安全领域的攻击和防御：
   摘要并未明确指出攻击和防御是针对代码任务模型的。它更侧重于语言模型的一般安全性问题，所以这一点也应该被分类为0。

4. 综合分类：
   根据第二点和第三点的分析，输出为0。因为文章内容并不特别关注代码模型任务，也没有特别指出是关于代码任务模型安全的攻击和防御。",0
Reference,Code Llama: Open Foundation Models for Code,"1. **总结文章内容**：
   这篇文章介绍了一种名为Code Llama的全新大型语言模型系列，该模型基于Llama 2，专为代码任务设计。Code Llama模型在开放模型中提供了最先进的表现，具有填充（infilling）能力，支持大型输入上下文，并且具有零样本指令遵循能力，用于编程任务。这些模型有不同的版本，包括基础模型（Code Llama）、Python专业模型（Code Llama - Python）和指令遵循模型（Code Llama - Instruct），参数从7B到70B不等。所有模型都在16k个token的序列上进行训练，并且在处理多达100k个token的输入时有性能提升。在多个代码基准测试中，Code Llama达到了开放模型的最先进性能，并在HumanEval和MBPP上的得分分别高达67%和65%。值得注意的是，Code Llama - Python 7B在HumanEval和MBPP上甚至超过了Llama 2 70B的表现。所有模型在MultiPL-E上的表现都优于其他公开可用的模型。Code Llama是在允许进行研究和商业使用的许可下发布的。

2. **判断文章是否关于代码模型任务**：
   是的，这篇文章明确是关于代码模型任务的。它专注于编程和代码生成方面的能力，与自然语言处理（NLP）领域有所区分。

3. **分析是否涉及针对代码任务模型的安全领域**：
   根据提供的摘要内容，文章并未明确提到涉及代码任务模型的安全领域，如攻击和防御。

4. **综合分类**：
   根据第二点和第三点的分析结果，这篇文章涉及代码模型任务（第二点为是），但未涉及代码任务模型的安全领域（第三点为否）。因此，**综合分类结果为0**。",0
Reference,Universal and Transferable Adversarial Attacks on Aligned Language Models,"1. 文章内容总结：
   这篇文章讨论了针对经过对齐的大型语言模型（LLM）的攻击方法。由于大型语言模型能够生成大量不当内容，近期的研究着重于通过对齐这些模型来防止不良内容的生成。尽管已有一些方法能够绕过这些限制，即所谓的针对LLM的“越狱”攻击，但这些攻击在实际操作中较为脆弱且需要大量的人为创造性。文章提出了一种简单而有效的攻击方法，通过寻找后缀并附加到多种查询上，使对齐的语言模型生成不当行为。这种方法不是依赖手动工程，而是通过结合贪婪和基于梯度的搜索技术自动生成这些对抗性后缀，并且相较于之前的自动提示生成方法有所改进。研究发现，这种方法生成的对抗性提示具有很高的迁移性，甚至能够对黑箱模型和公开发布的LLM产生影响。

2. 是否关于代码模型任务：
   根据摘要内容，文章并未明确提到代码模型任务或涉及编码相关的特定任务。它主要关注的是语言模型和生成不当内容的问题，因此这一点应被判定为不涉及代码模型任务。

3. 是否涉及针对代码任务模型安全领域的攻击和防御：
   虽然文章讨论了针对语言模型的攻击方法，但它并没有特别指出这些模型是为了代码任务而设计的，或攻击方法针对的是代码任务模型的安全性。因此，它并不专门关注代码任务模型安全领域。

4. 综合分类：
   根据上述分析，第二点和第三点都不符合涉及代码模型任务的条件，所以最终的综合分类结果是0。",0
Reference,Discrete Adversarial Attack to Models of Code,"1. 总结文章内容：
   该论文探讨了深度神经网络普遍存在的脆弱性问题，特别是关注了一种特定于代码模型的对抗性样例——离散对抗性样例。这类对抗性样例通过保持原始输入语义的程序变换来创建。文章提出了一种新的通用攻击方法，该方法在攻击各种代码模型时非常有效。从防御的角度，文章的主要贡献是提供了对抗训练理论依据，对抗训练是训练鲁棒分类器最成功的算法之一，用于防御代码模型免受离散对抗性攻击。受理论结果的启发，文章实现了一种简单的对抗训练方法，实际中显著提高了代码模型对抗攻击的鲁棒性。作者对攻击和防御方法都进行了广泛评估，结果表明，无论是在防御机制存在与否的情况下，他们的离散攻击方法比现有最先进的方法都更为有效。此外，他们的对抗训练实现使所有评估模型在面对最先进的对抗攻击以及他们自己的攻击时，鲁棒性都有了最大的提升。

2. 判断文章是否关于代码模型任务：
   是的，文章明确提到关注的是代码模型（code models），而不是自然语言处理（NLP）等其他领域。它实际涉及到了代码相关任务。

3. 分析是否涉及针对代码任务模型安全领域的攻击和防御：
   是的，文章主要讨论了针对代码模型的对抗性攻击和防御，包括提出了一个有效的攻击方法以及一种对抗训练的防御实现。

4. 综合分类：
   根据第二点和第三点的分析，输出结果为：1。",1
Reference,Just Ask for Calibration: Strategies for Eliciting Calibrated Confidence Scores from Language Models Fine-Tuned with Human Feedback,"根据提供的论文摘要内容，以下是按照您的要求进行的分析和判断：

1. **总结文章内容**：
   论文探讨了在现实世界的预测系统中，模型的置信度分数应该是校准良好的，即模型对答案的置信度应能反映答案正确的可能性，以便在预测置信度低的情况下将任务转交给专家。尽管之前的研究表明，使用无监督预训练产生的大型语言模型（LMs）的条件概率非常校准良好，但最广泛使用的语言模型（LMs）是通过强化学习从人类反馈（RLHF）进行微调的，一些研究指出这些RLHF模型生成的条件概率校准得很差。文章针对RLHF模型的这一弱点，广泛评估了从RLHF模型提取置信度分数的方法，并发现对于像ChatGPT、GPT-4和Claude这样的RLHF模型，以输出令牌形式给出的明确置信度通常比模型在TriviaQA、SciQ和TruthfulQA基准上的条件概率更好校准，通常可以将预期的校准误差相对减少50%。

2. **判断是否关于代码模型任务**：
   从摘要来看，并没有明确提到代码模型任务或与代码直接相关的任务。文章主要关注的是语言模型（LMs）的置信度校准问题，因此，这一点应判为**0**。

3. **分析是否涉及针对代码任务模型安全领域**：
   摘要中并没有提到模型安全领域，如攻击和防御，尤其是针对代码任务的安全问题。因此，这一点也应判为**0**。

4. **综合分类**：
   根据上述分析，第二点和第三点的内容都没有涉及到，所以最终的综合分类结果为**0**。

综上所述，该论文与代码模型任务和模型安全领域没有直接关联，主要关注的是语言模型的置信度校准问题。",0
Reference,"Automatic Prompt Optimization with ""Gradient Descent"" and Beam Search","1. 总结该篇文章内容：
   该篇文章提出了一种名为自动提示优化（APO）的简单非参数方法，旨在改进大型语言模型（LLM）的使用效率。目前，虽然LLM作为通用代理表现出了令人印象深刻的性能，但它们的能力在很大程度上取决于经过大量试错努力的手写提示。受到数值梯度下降的启发，APO算法能够自动改进提示，假设可以访问训练数据和LLM API。该算法使用数据的小批量来形成自然语言“梯度”，这些梯度批评当前的提示。然后通过在梯度的相反语义方向上编辑提示来“传播”这些梯度。这些梯度下降步骤由束搜索和老虎机选择过程指导，这显著提高了算法效率。初步结果在三个基准NLP任务和LLM逃逸检测这一新颖问题上表明，自动提示优化可以优于先前的提示编辑技术，并通过使用数据将模糊的任务描述重写为更精确的注释指令，将初始提示的性能提高多达31%。

2. 判断是否是关于代码模型任务：
   根据摘要内容，文章主要讨论的是自然语言处理（NLP）任务中的提示优化，并没有明确提及代码模型任务，而是关注于如何改进用于NLP任务的LLM的提示。因此，关于代码模型任务的部分应该是0。

3. 分析是否涉及针对代码任务模型安全领域如攻击和防御：
   摘要中提到了“LLM逃逸检测”这一问题，这可以与模型安全性和防御措施相关。然而，这项工作似乎更多地集中在优化提示以提高性能，而不是直接关注代码任务的安全性或防御特定的攻击。因此，从摘要中提供的信息来看，涉及代码任务模型安全领域的部分也不明显，应该判定为0。

4. 综合分类：
   根据上述分析，第二点和第三点都不是关于代码模型任务或代码任务模型安全领域的，因此综合分类的结果是0。",0
Reference,Is Your Code Generated by ChatGPT Really Correct? Rigorous Evaluation of Large Language Models for Code Generation,"1. 文章内容总结：
   这篇文章介绍了一个名为EvalPlus的代码合成评估框架，旨在严格评估大型语言模型（LLM）生成的代码的功能正确性。文章指出，现有的编程基准测试在评估生成的代码的功能正确性时，在测试案例的数量和质量上可能存在限制。EvalPlus通过自动测试输入生成器增加了大量新的测试案例，这些测试案例由LLM和变异基策略提供支持。文章的研究扩展了流行的HumanEval基准测试的测试案例数量，构建了HumanEval+。通过跨越26个流行LLM（例如GPT-4和ChatGPT）的广泛评估，证明了HumanEval+能够捕获到之前未被检测到的由LLM合成的错误代码，将pass@k（一种评估指标）降低了多达19.3-28.9%。文章还发现测试不充分可能导致排名错误。例如，在HumanEval+上，WizardCoder-CodeLlama和Phind-CodeLlama的表现现在优于ChatGPT，而它们在HumanEval上无法做到这一点。这项工作不仅表明先前的流行代码合成评估结果并不准确反映LLM在代码合成中的真实性能，而且为通过自动化测试改进这类编程基准测试开辟了新方向。

2. 代码模型任务判断：
   是的，这篇文章明确是关于代码模型任务的。它专注于评估和改进大型语言模型在代码生成方面的性能，与自然语言处理（NLP）领域有明确区分，实际上涉及到代码相关的任务。

3. 代码任务模型安全领域分析：
   文章并未直接涉及针对代码任务模型的攻击和防御安全领域。它主要集中在通过增加和改进测试案例来评估代码生成模型的功能正确性，而不是关于模型的安全性或对抗性攻击。

4. 综合分类：
   根据上述分析，第二点（涉及代码任务）是符合的，但第三点（涉及代码任务模型安全领域）不符合。因此，最终的综合分类结果是0。",0
Reference,Large Language Models Are Human-Level Prompt Engineers,"根据提供的论文摘要，以下是按照您的要求进行的分析和判断：

1. **总结文章内容**：
   这篇文章提出了一种称为“自动提示工程师”（APE）的方法，旨在通过自动生成和选择指令来优化大型语言模型（LLM）的任务表现。文章中，作者将指令视为“程序”，并使用一个语言模型来提出一系列指令候选，然后通过优化一个特定的评分函数来选择最佳指令。文章通过实验验证了自动生成的指令在24个NLP任务上的表现，这些表现大幅超过了之前的LLM基线，并在大部分任务上与人工注释者生成的指令表现相当或更好。

2. **关于代码模型任务判断**：
   从摘要来看，这篇文章主要关注的是自然语言处理（NLP）任务，而不是直接涉及代码模型任务。它提到的是通过优化语言模型生成指令来改善NLP任务的性能，而不是处理或生成代码。

3. **针对代码任务模型安全领域的分析**：
   摘要并未明确提到关于代码任务模型的安全领域，如攻击和防御。文章的重点在于通过自动化的方法改善语言模型的指令引导过程，而不是针对代码任务的安全性进行讨论。

4. **综合分类**：
   根据第二点和第三点的分析，这篇文章既没有实际涉及代码相关任务（第二点为0），也没有讨论代码任务模型的安全领域（第三点为0）。因此，**综合分类的输出为0**。

请注意，这个判断仅基于摘要内容，如果论文的全文内容包含与代码模型或其安全性相关的更多信息，这个分类可能会有所不同。",0
Reference,Language Models (Mostly) Know What They Know,"根据提供的论文摘要内容，以下是按照您的要求进行的分析和判断：

1. **总结文章内容：**
   论文探讨了语言模型是否能够评估自身陈述的有效性，并预测它们能否正确回答问题。研究者们发现，大型模型在适当的格式下，对于多项选择和真假判断问题能够保持良好的校准。在开放式的采样任务中，通过让模型首先提出答案，然后评估其答案正确的概率（P(True)），得到了积极的性能、校准度和可扩展性。此外，当模型考虑多个自己的样本后再预测特定可能性的有效性时，自我评估的性能进一步提高。研究者们还发现，模型可以被训练来预测“我知道”（P(IK)）答案的概率，而不需要参考任何特定的答案。模型在预测P(IK)方面表现出色，并且能在一定程度上跨任务泛化，尽管在新任务上P(IK)的校准存在问题。

2. **判断是否关于代码模型任务：**
   摘要中并没有明确提到代码模型任务，而是侧重于语言模型在自我评估和预测其回答正确性方面的能力。因此，这篇文章的主要内容似乎并不直接关注代码相关的任务，而是更多地与自然语言处理（NLP）相关。

3. **分析是否涉及针对代码任务模型的安全领域（如攻击和防御）：**
   摘要中并未提及任何关于代码任务模型的安全性问题，如攻击和防御。

4. **综合分类：**
   根据上述分析，第二点（关于代码模型任务）是0，第三点（涉及模型安全领域）也是0，因此综合分类结果为0。

最终答案：0",0
Reference,Training language models to follow instructions with human feedback,"1. 总结文章内容：
   这篇文章讨论了大型语言模型在遵循用户意图方面并不一定表现得更好。例如，这些模型可能生成不真实、有毒或对用户无帮助的输出。为了解决这个问题，作者提出了一种通过人工反馈对语言模型进行微调的方法，以使模型与用户意图保持一致。研究者使用标注者编写的提示和通过OpenAI API提交的提示，收集了一个标注者演示所需模型行为的的数据集。然后使用这个数据集通过监督学习来微调GPT-3模型。接着，他们收集了一个模型输出排名的数据集，用于进一步通过人类反馈的强化学习来微调这个监督模型。最终得到的模型被称为InstructGPT。研究结果表明，尽管参数数量减少了100倍，但1.3B参数的InstructGPT模型在人类评估中仍优于175B的GPT-3模型，并且在生成真实性和减少有毒输出方面有所改进，同时在公共NLP数据集上的性能退化最小。

2. 是否关于代码模型任务：
   根据提供的摘要内容，文章主要关注的是语言模型和用户意图的对齐，没有明确提到代码模型任务。因此，它似乎不专门涉及代码模型任务，而是更一般地关注自然语言处理领域。

3. 是否涉及针对代码任务模型安全领域如攻击和防御：
   摘要中并未提及代码任务模型的安全性，攻击或防御，主要讨论的是通过人工反馈提高语言模型对齐用户意图。

4. 综合分类：
   根据上述分析，第二点和第三点都不符合，所以最后的综合分类是0。",0
Reference,RoPGen: Towards Robust Code Authorship Attribution via Automatic Coding Style Transformation,"1. 总结文章内容：
   该篇文章探讨了源代码作者归属问题，这在软件取证、错误修复和软件质量分析等领域非常重要。文章指出，现有的源代码作者归属方法可能受到攻击者利用对抗性样本和编码风格操纵的威胁。为了解决这个问题，文章提出了一种名为Robust coding style Patterns Generation（RoPGen）的创新框架。这个框架通过结合数据增强和梯度增强在对抗性训练阶段，学习作者独特的编码风格模式，这些模式对攻击者来说是难以操纵或模仿的。通过实验，文章证明了RoPGen能够显著提高基于深度学习的代码作者归属的鲁棒性，平均降低有针对性的和无目标攻击的成功率分别为22.8%和41.0%。

2. 代码模型任务判断：
   是的，这篇文章是关于代码模型任务的。它专注于通过分析编码风格来进行源代码作者归属，这是一个特定的代码相关任务，并不涉及自然语言处理（NLP）领域。

3. 安全领域分析：
   是的，文章涉及到了代码任务模型的安全领域，特别是攻击和防御。它讨论了对抗性样本和编码风格操纵可能对源代码作者归属方法造成的威胁，并提出了一种防御机制（RoPGen框架）来增强模型的鲁棒性。

4. 综合分类：
   根据上述分析，第二点（涉及代码相关任务）和第三点（涉及攻击和防御）都是正确的，因此综合分类结果为：1。",1
Reference,Competition-level code generation with AlphaCode,"1. 总结文章内容：
   文章讨论了名为AlphaCode的系统，这是一个基于最近transformer架构的神经网络模型，用于自动代码生成。AlphaCode在模拟竞赛环境下的Codeforces平台上的平均排名位于前54.3%。该系统能够通过生成数百万个多样化的程序并使用特定的训练网络对这些程序进行筛选和聚类，最终将提交的方案限制在最多10个。这是首次有人工智能系统在编程竞赛中展现出具有竞争力的性能。

2. 判断是否是关于代码模型任务：
   是的，文章关注的是代码模型任务，即AlphaCode系统通过机器学习模型生成代码来解决编程问题。它与自然语言处理（NLP）领域相区分，因为这里的焦点是编程竞赛中的代码生成，而非语言处理。

3. 分析是否涉及针对代码任务模型安全领域：
   根据提供的摘要内容，文章并未明确提及代码任务模型的安全领域，如攻击和防御策略。它主要关注的是模型的性能以及它在生成能够解决编程问题的代码方面的能力。

4. 综合分类：
   根据第二点和第三点的分析，该文章关于代码模型任务（是），但并未涉及代码任务模型的安全领域（否）。因此，综合分类的结果是0。",0
Reference,Program Synthesis with Large Language Models,"1. 文章内容总结：
   这篇文章研究了当前一代大型语言模型在通用编程语言中进行程序合成的局限性。研究者对一系列具有244M到137B参数的语言模型在两种新基准测试（MBPP和MathQA-Python）上的表现进行了评估，这些基准测试旨在衡量模型从自然语言描述中合成简短Python程序的能力。MBPP数据集包含974个编程任务，设计为入门级程序员可解决的问题；MathQA-Python数据集是MathQA基准的Python版本，包含23914个问题，评估模型从更复杂文本中合成代码的能力。研究发现，合成性能随模型大小呈对数线性增长。最大的模型即使没有在代码数据集上进行微调，也能使用设计良好的提示进行少样本学习，解决59.6%的MBPP问题。在数据集的一部分上进行微调后，大多数模型大小的性能提高了约10个百分点。在MathQA-Python数据集上，最大的微调模型达到了83.8%的准确率。研究进一步探讨了模型参与代码对话的能力，通过人工反馈改进其解决方案。结果表明，与模型的初始预测相比，人类的自然语言反馈将错误率降低了一半。此外，研究者还进行了错误分析，以揭示这些模型在哪些方面不足，以及哪些类型的程序最难生成。最后，研究者探索了这些模型的语义基础，通过微调模型预测程序执行结果，发现即使是最佳模型也通常无法预测特定输入下程序的输出。

2. 关于代码模型任务：
   是的，这篇文章明确关注的是代码模型任务，特别是语言模型在程序合成方面的能力，与自然语言处理领域有所区分。

3. 代码任务模型安全领域：
   文章并没有直接涉及代码任务模型的安全领域，如攻击和防御。

4. 综合分类：
   根据上述分析，第二点（关于代码模型任务）是正确的，但第三点（涉及代码任务模型安全领域）不适用，因此综合分类的结果是0。",0
Reference,Evaluating Large Language Models Trained on Code,"1. 文章内容总结：
   该论文介绍了Codex，一个在GitHub上公开可用的代码上进行微调的GPT语言模型，并研究了其在Python代码编写方面的能力。该模型的一个独立的生产版本为GitHub Copilot提供动力。文章作者发布了一个新的评估集HumanEval，用于测量根据文档字符串（docstrings）合成程序的功能正确性。在HumanEval上，Codex模型解决了28.8%的问题，而GPT-3和GPT-J分别解决了0%和11.4%的问题。此外，作者发现从模型中重复采样是解决困难提示的有效策略。利用这种方法，他们解决了70.2%的问题，每个问题使用了100个样本。研究还仔细调查了模型的局限性，包括处理描述长链操作的文档字符串和将操作绑定到变量的困难。

2. 是否关于代码模型任务：
   是的，这篇文章明确关注代码生成模型，特别是针对Python代码的生成。它专注于评估模型在根据自然语言描述（即文档字符串）生成功能代码方面的性能，这是一个典型的代码任务，与自然语言处理（NLP）领域有所区分。

3. 是否涉及针对代码任务模型安全领域：
   是的，文章在最后讨论了部署强大的代码生成技术可能带来的更广泛影响，包括安全性、安全性和经济性。虽然摘要中没有详细说明具体的攻击和防御策略，但提及了这些潜在的安全领域，表明文章考虑到了代码模型的安全性问题。

4. 综合分类：
   根据上述分析，第二点（关于代码模型任务）和第三点（涉及代码任务模型安全领域）都是正确的，因此综合分类结果为：1。",1
Reference,Generating Adversarial Computer Programs using Optimized Obfuscations,"1. **文章内容总结**：
   这篇文章探讨了机器学习模型在理解和预测计算机程序属性方面的应用，这些模型被用于自动完成代码、总结大型程序和检测程序中的错误和恶意软件。文章的核心是研究了对抗性扰动计算机程序的方法，以愚弄这些学习模型，从而评估它们的对抗性稳健性。研究使用了程序混淆，这种方法传统上用于防止程序被逆向工程，作为对抗性扰动。这些扰动在不改变程序功能的前提下修改程序，可以精心设计来在模型做出决策时欺骗它。文章提供了一个通用的对抗性程序公式，可以应用于任何语言的程序上的多种混淆转换。研究者还开发了一阶优化算法，有效地确定两个关键方面：哪些部分需要转换，以及使用哪些转换。文章强调了由于问题的离散性，还建议使用随机平滑来改善攻击损失景观，以便简化优化。

2. **关于代码模型任务**：
   是的，这篇文章明确关注的是代码相关的任务。它不是关于自然语言处理（NLP）领域的，而是关注于机器学习模型在理解和预测计算机程序方面的应用。

3. **针对代码任务模型安全领域**：
   是的，文章涉及到针对代码任务模型的安全领域，特别是攻击方面。它探讨了如何通过对抗性扰动来攻击这些模型，并评估了这些模型对于此类攻击的稳健性。

4. **综合分类**：
   根据以上分析，第二点（关于代码模型任务）和第三点（涉及针对代码任务模型安全领域）都是符合的，因此输出的数字是 **1**。",1
Reference,Language Models are Few-Shot Learners,"根据提供的论文摘要内容，以下是按照您的要求进行的分析和回答：

1. **总结文章内容：**
   这篇文章讨论了通过在大量文本语料库上进行预训练，然后针对特定任务进行微调的方法，这种方法在很多NLP任务和基准测试中取得了显著成果。文章重点指出，尽管这种方法在架构上通常是任务无关的，但它仍然需要针对每个任务进行特定数据的微调，这些数据往往需要数千或数万个样本。与之形成对比的是，人类通常仅凭几个示例或简单的指令就能完成新的语言任务。文章中提到，通过扩大语言模型的规模，可以显著提高任务无关的少样本性能，有时甚至能达到之前最先进的微调方法的竞争力水平。具体来说，作者训练了一个名为GPT-3的具有1750亿个参数的自回归语言模型，并且在不进行梯度更新或微调的情况下，在少样本环境中测试其性能。

2. **判断是否关于代码模型任务：**
   根据摘要内容，文章主要讨论的是在NLP领域的任务，如翻译、问答、填空等，并没有明确提到代码模型任务。因此，它不是关于代码模型任务的。

3. **分析是否涉及针对代码任务模型安全领域：**
   摘要中没有提到任何关于代码任务模型的安全性领域，如攻击和防御。

4. **综合分类：**
   根据上述分析，第二点和第三点的内容都没有涉及到，因此最终的综合分类结果是0。

综上所述，根据您的要求，这篇论文与代码模型任务和代码任务模型安全领域无关，最终分类结果为0。",0
Reference,Hoppity: Learning Graph Transformations to Detect and Fix Bugs in Programs,"根据提供的论文摘要内容，以下是按您的要求进行的分析和判断：

1. **总结文章内容**：
   该论文介绍了一种基于学习的方法，用于检测和修复JavaScript程序中的各种错误。研究者将问题构建为学习一系列图转换的过程：给定一个表示有缺陷程序的图结构，该模型预测一系列步骤，包括错误节点的位置和相应的图编辑操作，以生成修复方案。与之前使用深度神经网络的工作不同，这种方法针对的是更复杂和语义性质的错误（即需要添加或删除语句来修复的错误）。研究者已经在名为HOPPITY的工具中实现了这种方法，并在GitHub上使用338,877个JavaScript代码变更提交进行了训练，最终在端到端的方式中正确检测并修复了42,365个程序中的9,612个。

2. **判断是否关于代码模型任务**：
   是的，这篇文章明显是关于代码模型任务。它专注于使用学习算法来检测和修复程序代码中的错误，这是一个典型的代码领域的任务，与自然语言处理（NLP）领域不同。

3. **分析是否涉及针对代码任务模型安全领域**：
   根据摘要内容，文章并未直接提及模型的安全性或涉及攻击和防御策略。文章的主要焦点是开发一种能够检测和修复代码中错误的学习方法。

4. **综合分类**：
   根据您的指示，由于第二点（涉及代码任务模型）是正确的，但第三点（涉及代码任务模型安全领域）不是，因此最终的综合分类结果是0。

综合以上分析，最终数字为：0。",0
Reference,Improved Code Summarization via a Graph Neural Network,"1. 总结文章内容：
   该论文讨论了自动源代码摘要这一研究领域，即利用自然语言描述源代码的任务。研究指出，随着神经网络和人工智能技术的发展，自动代码摘要技术得到了快速扩展。特别是，将源代码的结构信息作为输入，能够提高摘要的性能。早期的方法将抽象语法树（AST）展平成序列，而近期更复杂的方法，如基于随机AST路径或图神经网络的方法，已经改进了基于展平AST的模型。然而，文中提到尚未有研究结合图神经网络和源代码序列作为模型输入。因此，论文提出了一种基于图的神经网络架构，它更好地匹配AST的默认结构，用于生成代码摘要。研究者使用210万对Java方法和注释的数据集对技术进行了评估，并显示其优于四个基线技术，这些技术来自软件工程和机器学习文献。

2. 代码模型任务判断：
   是的，这篇文章明确是关于代码模型任务。它专注于自动源代码摘要，这是代码理解和生成领域的一个具体任务，不涉及自然语言处理（NLP）的其他领域。

3. 分析是否涉及代码任务模型安全领域：
   根据提供的摘要内容，论文并未明确提及代码模型任务的安全性，如攻击和防御。它主要关注于提高源代码摘要的准确性和性能。

4. 综合分类：
   根据以上分析，第二点是关于代码模型任务（1），但第三点没有涉及代码任务模型安全领域（0）。因此，综合分类结果为 0。",0
Reference,CodeBERT: A Pre-Trained Model for Programming and Natural Languages,"1. 总结文章内容：
   该论文介绍了CodeBERT，一个用于编程语言（PL）和自然语言（NL）的双模态预训练模型。CodeBERT旨在学习支持下游NL-PL应用的通用表示，如自然语言代码搜索和代码文档生成。模型采用了基于Transformer的神经网络架构，并使用了一种混合目标函数进行训练，该函数结合了替换令牌检测的预训练任务。这项任务旨在检测从生成器中采样的合理替代品。这样，模型可以利用NL-PL对的“双模态”数据和仅包含编程语言的“单模态”数据。论文通过微调模型参数，在两个NL-PL应用上评估了CodeBERT的性能，结果显示CodeBERT在自然语言代码搜索和代码文档生成方面达到了最先进的表现。此外，为了探究CodeBERT学习了哪些类型的知识，作者构建了一个NL-PL探测数据集，并在零样本设置下评估了预训练模型的表现，结果表明CodeBERT在NLPL探测方面优于之前的预训练模型。

2. 是否关于代码模型任务：
   是的，这篇文章明确关注于代码相关的任务，如自然语言代码搜索和代码文档生成。它不是通用的自然语言处理（NLP）领域的研究，而是专门针对代码理解和生成的任务。

3. 是否涉及针对代码任务模型安全领域如攻击和防御：
   根据提供的摘要内容，文章并未明确提到涉及代码模型任务的安全领域，如攻击和防御。

4. 综合分类：
   根据第二点和第三点的分析，该论文关注于代码模型任务（是），但未涉及代码任务模型的安全领域（否）。因此，综合分类的结果是0。",0
Reference,Adversarial Robustness for Code,"根据您提供的论文摘要内容，以下是按照您的要求进行的分析和回答：

1. **总结文章内容**：
   这篇文章探讨了机器学习特别是在代码领域的深度学习的对抗性稳健性。作者们通过：（i）为代码领域（一个具有离散和高度结构化输入的领域）实例化对抗性攻击；（ii）证明了与其他领域类似，代码的神经模型易受对抗性攻击；（iii）结合现有技术和新颖技术来提高模型的稳健性同时保持高准确度。

2. **关于代码模型任务**：
   是的，这篇文章明确关注于代码相关的任务，如bug查找、修复、代码补全、反编译、类型推断等，而非自然语言处理（NLP）领域。

3. **涉及针对代码任务模型安全领域**：
   是的，文章涉及了代码任务模型的安全领域，特别是对抗性攻击和防御策略。

4. **综合分类**：
   根据您的指示，既然第二点和第三点都是关于代码模型任务和安全领域，输出的数字应为1。

因此，最终答案是：1。",1
Reference,Semantic Robustness of Models of Source Code,"根据提供的论文摘要内容，以下是按照您的指示进行的分析和综合分类：

1. **总结文章内容**：
   这篇文章探讨了深度神经网络对抗样本的脆弱性，特别是在源代码模型领域。作者定义了一个强大的通用对手，能够使用一系列保留程序语义的参数化程序转换。文章研究了如何利用这样的对手训练出对对抗性程序变换具有鲁棒性的模型。通过详尽的评估，作者发现了一些令人惊讶的现象，例如鲁棒训练在所有评估中均优于数据增强；复杂的状态-of-艺术架构（如code2seq）比更简单的基线模型更难以实现鲁棒性；并且，code2seq在某些方面存在而简单基线模型没有的弱点。最后，作者发现鲁棒模型对于来自不同来源的未见数据表现更好，但在跨语言迁移任务中并不明显占优。

2. **判断是否关于代码模型任务**：
   是的，这篇文章明确地关注于代码模型任务，而非NLP等其他领域。它专注于训练能够对保留代码功能性的源代码修改保持鲁棒性的神经网络。

3. **分析是否涉及针对代码任务模型安全领域**：
   是的，文章涉及到了代码任务模型的安全领域，特别是攻击（对抗样本）和防御（鲁棒性训练）。

4. **综合分类**：
   根据第二点和第三点的分析结果，这篇文章既关于代码模型任务，也涉及代码任务模型的安全领域，因此综合分类的输出是 **1**。

希望这个分析对您有所帮助。如果需要更深入的分析或对文章的其他部分有疑问，请告知。",1
Reference,Adversarial examples for models of code,"1. 文章内容总结：
   这篇文章探讨了神经网络模型在处理代码相关任务（如预测方法名称和识别特定类型的错误）时的安全性问题。文章指出这些模型容易受到对抗性样本的攻击，并提出了一个新的方法——Discrete Adversarial Manipulation of Programs（DAMP）来生成对抗性样本。DAMP通过在保持模型权重不变的情况下，针对特定预测目标修改输入代码的微小部分来生成对抗性样本。文章展示了DAMP攻击在三种不同的神经架构（code2vec、GGNN和GNN-FiLM）以及Java和C#语言上的有效性，并讨论了针对这类攻击的防御策略及其权衡。

2. 是否关于代码模型任务：
   是的，文章明确讨论了神经网络模型在代码领域的应用，包括但不限于预测方法名称和识别代码错误，这与自然语言处理（NLP）领域有所区分。

3. 是否涉及针对代码任务模型安全领域的攻击和防御：
   是的，文章主要关注于代码任务模型的安全性，特别是通过对抗性样本的攻击方法，并探讨了可能的防御机制。

4. 综合分类：
   根据上述分析，第二点和第三点都是关于代码模型任务和安全性的讨论，因此输出结果为：1。",1
Reference,Generalizing from a Few Examples,"根据提供的论文摘要内容，以下是我的分析和解答：

1. **总结文章内容：**
   这篇文章主要是关于Few-shot Learning（FSL）的全面调查。FSL是为了解决在数据集很小的情况下，机器学习应用的困难而提出的方法。FSL利用先验知识，在只有少数样本具有监督信息的新任务中迅速地进行泛化。文章从FSL的正式定义开始，将其与几种相关的机器学习问题区分开来，并指出FSL的核心问题是经验风险最小化器不可靠。文章根据先验知识如何处理这个核心问题，将FSL方法分为三个视角：（1）数据，使用先验知识来增强监督经验；（2）模型，使用先验知识来减少假设空间的大小；（3）算法，使用先验知识来改变在给定假设空间中寻找最佳假设的搜索方式。文章按照这种分类，回顾和讨论了每个类别的优缺点，并提出了未来研究的方向。

2. **判断是否涉及代码模型任务：**
   从摘要来看，并没有明确提到代码模型任务，也没有特别指明是与代码生成、理解或分析相关的任务。文章主要聚焦于机器学习的FSL方法，并没有特别指向自然语言处理（NLP）或其他特定领域。因此，不能确定这篇文章是专门关于代码模型任务的。

3. **分析是否涉及针对代码任务模型的安全领域：**
   摘要中并没有提到任何与代码任务模型安全领域有关的内容，如攻击和防御策略。

4. **综合分类：**
   根据上述分析，这篇文章既没有明确涉及到代码模型任务（第2点），也没有提到与代码任务模型安全领域相关的攻击和防御（第3点）。因此，根据您的要求，输出的数字是 **0**。

请注意，这个分析是基于提供的摘要内容进行的，如果需要更详细的分析，可能需要阅读整篇论文。",0
Reference,Neural Program Repair by Jointly Learning to Localize and Repair,"根据提供的论文摘要内容，以下是按照您的要求进行的分析和判断：

1. **总结文章内容**：
   这篇文章讨论了自动程序修复领域的一个新进展，特别是关于一类被称为变量误用（variable-misuse）的bug。目前最先进的技术针对变量误用问题，会在程序中枚举所有可能的bug位置，然后选择最佳修复方案。文章提出了一种新的模型——多头指针网络（multi-headed pointer networks），这种模型可以联合定位和修复变量误用bug，其中一个头用于定位，另一个头用于修复。

2. **判断是否关于代码模型任务**：
   是的，这篇文章明确是关于代码模型任务的。它聚焦于通过机器学习方法（神经网络的指针网络）直接从buggy程序及其修复的例子中学习，以解决程序代码中的特定问题（即变量误用）。

3. **分析是否涉及代码任务模型安全领域**：
   根据提供的摘要内容，文章并没有明确提及代码任务模型的安全领域，如攻击和防御。它主要集中在如何通过联合定位和修复来改进变量误用bug的修复效果。

4. **综合分类**：
   根据以上分析，第二点（涉及代码模型任务）是符合的，但第三点（涉及代码任务模型安全领域）不符合。因此，按照您的指示，最后的分类结果是 **0**。

希望这个分析对您有所帮助。如果您有更多关于这篇论文的问题或其他论文需要分析，请告诉我。",0
Reference,code2seq: Generating Sequences from Structured Representations of Code,"1. 总结文章内容：
   该论文介绍了一种称为CODE2SEQ的模型，这个模型是用于从源代码片段生成自然语言序列。它采用了编程语言的语法结构来更好地编码源代码，而不是像传统的序列到序列（seq2seq）模型那样将源代码视为一系列的标记。具体来说，该模型将代码片段表示为其抽象语法树（AST）中的组合路径集合，并在解码过程中使用注意力机制来选择相关的路径。论文通过两个任务、两种编程语言和四个包含最多1600万个样本的数据集，证明了这种方法的有效性。

2. 代码模型任务判断：
   是的，这篇文章明确关注于代码模型任务。它不是关于自然语言处理（NLP）领域，而是特别针对将源代码转换为自然语言序列的问题，这是一个涉及到编程语言和代码理解的任务。

3. 是否涉及代码任务模型安全领域：
   从提供的摘要来看，论文并没有明确提到关于代码模型任务的安全领域，如攻击和防御。它主要聚焦在如何通过利用编程语言的语法结构来提升序列生成的性能。

4. 综合分类：
   根据第二点和第三点的分析，该论文是关于代码模型任务（第二点为是），但并没有涉及代码任务模型的安全领域（第三点为否）。因此，综合分类的结果是0。",0
Reference,DeepBugs: a learning approach to name-based bug detection,"1. 总结文章内容：
   该论文介绍了一种名为DeepBugs的基于名称的bug检测方法。DeepBugs利用源代码中的自然语言元素（如变量名和函数名）所携带的信息，通过语义表示对这些名称进行推理，以自动学习bug检测器，而不需要手动编写算法。研究者将bug检测视为一个二分类问题，并训练了一个分类器来区分正确代码和错误代码。为了解决有效学习bug检测器需要同时具有正确和错误代码示例的问题，研究者通过简单的代码转换从现有代码语料库中创建可能错误的代码示例。研究的一个新颖发现是，从人工植入的错误中学习可以产生在实际代码中找到bug的有效bug检测器。文章实现了一个基于学习和基于名称的bug检测框架，并在此基础上构建了三个bug检测器，用于检测无意间交换的函数参数、错误的二元运算符和二元运算中的错误操作数。

2. 代码模型任务：
   是的，这篇文章明确关注的是代码模型任务。它专注于通过分析代码中的自然语言元素来检测代码中的bug，这是一个典型的高层次源代码分析任务，而不是自然语言处理（NLP）领域。

3. 代码任务模型安全领域：
   该论文并未直接涉及代码任务模型在安全领域的应用，如攻击和防御。它主要集中在bug检测上，而不是针对潜在的恶意代码或模型的安全性分析。

4. 综合分类：
   根据上述分析，第二点（关于代码模型任务）是正确的，但第三点（涉及代码任务模型安全领域）不正确。因此，综合分类的结果是0。",0
Reference,Generating Natural Language Adversarial Examples,"根据提供的论文摘要内容，以下是按照您的要求进行的分析和回答：

1. **总结文章内容**：
   这篇文章讨论了深度神经网络（DNNs）在对抗性样本面前的脆弱性。虽然对抗性样本在图像领域可以做到几乎对人类视觉不可见，但在自然语言处理（NLP）领域，即使是微小的扰动也可能显著改变文本的语义。文章采用了一种基于群体的黑盒优化算法来生成在语义和句法上都相似的对抗性样本，这些样本能够成功地欺骗训练良好的情感分析模型和文本蕴含模型，成功率分别为97%和70%。此外，文章还指出，在情感分析任务中，有92.3%的对抗性样本被20位人类标注者分类为原始标签，并且这些样本在感知上与原始样本非常相似。文章最后提到了尝试使用对抗训练作为防御手段，但未能提高模型的鲁棒性。

2. **判断是否关于代码模型任务**：
   从摘要来看，文章主要关注的是自然语言处理（NLP）领域的情感分析和文本蕴含任务，并不直接涉及代码模型任务。因此，针对代码相关任务的部分，应判定为0。

3. **分析是否涉及针对代码任务模型安全领域**：
   摘要中并没有提到关于代码任务模型的安全性分析。文章聚焦于NLP领域的模型安全性，具体是在讨论对抗性样本的生成和防御，而非代码任务模型的安全。因此，针对代码任务模型安全领域的部分，也应判定为0。

4. **综合分类**：
   根据上述分析，第二点和第三点都是0，所以**综合分类**的结果是0。

综上所述，该文章主要关注的是NLP领域模型的对抗性鲁棒性，而不是代码模型任务或其安全性。",0
Reference,code2vec: learning distributed representations of code,"1. 总结该篇文章内容：
   该论文介绍了一种将代码片段表示为连续分布式向量的神经网络模型（即“代码嵌入”）。主要思想是将代码片段表示为固定长度的单一代码向量，该向量可以用来预测代码片段的语义属性。为了实现这一点，首先将代码分解为其抽象语法树中的一系列路径。然后，网络学习每条路径的原子表示，同时学习如何聚合这些路径。通过训练一个包含1200万个方法的数据集上的模型，作者证明了这种方法的效力，可以从未在训练中观察到的文件中预测方法名称。此外，作者展示该模型学习到的方法名称向量能够捕捉到语义上的相似性、组合和类比。与之前技术在相同数据集上的比较显示，该方法改进了75%以上，成为首个基于大型跨项目语料库成功预测方法名称的方法。他们还提供了一个在线演示，以及代码、数据和训练好的模型。

2. 判断是否是关于代码模型任务：
   是的，这篇文章明确是关于代码模型任务。它专注于将代码片段转换为向量表示，并用于预测代码的语义属性（如方法名称），这是一个典型的代码理解任务，与自然语言处理领域（NLP）有区别。

3. 分析是否涉及针对代码任务模型安全领域如攻击和防御：
   根据提供的摘要内容，文章并未明确提到涉及代码模型的安全领域，如攻击和防御。它主要集中在代码嵌入和预测方法的名称上。

4. 综合分类：
   根据上述分析，第二点是关于代码模型任务的，但第三点并没有提到与代码模型安全相关的内容。因此，综合分类的结果是0。",0
Reference,HotFlip: White-Box Adversarial Examples for Text Classification,"根据提供的论文摘要内容，以下是按您的要求进行的分析和判断：

1. **总结该篇文章内容：**
   论文提出了一种高效的方法来生成白盒对抗样本，目的是欺骗字符级别的神经分类器。研究者发现，仅需要对输入进行少量操作就能大幅降低分类器的准确性。这种方法基于一种原子翻转操作，即根据一个热输入向量的梯度来交换一个标记（token）为另一个。由于其高效性，这种方法可以用于进行对抗训练，从而提高模型在测试时对攻击的鲁棒性。研究者还表明，通过应用一些保持语义的约束条件，这种方法可以适应于攻击词级别的分类器。

2. **判断是否是关于代码模型任务：**
   根据摘要，文章似乎主要关注于神经分类器，特别是字符级别的分类器。虽然摘要没有明确提到代码模型，但由于字符级别的处理与代码中字符或token的处理有相似性，可以推测该方法可能适用于代码模型任务。但是，摘要并没有明确说明它是专门针对代码领域的，因此这一点存在不确定性。

3. **分析是否涉及针对代码任务模型安全领域如攻击和防御：**
   摘要明确提到了生成对抗样本来攻击分类器，这属于模型安全领域的攻击部分。尽管它没有直接指出这些分类器是代码模型，但对抗样本的生成通常与模型安全性相关，包括代码模型的安全性。

4. **综合分类：**
   根据上述分析，第二点存在不确定性，因为摘要没有明确提到代码模型，但第三点明确涉及了模型安全领域的攻击问题。因此，根据您的指示，如果第二点和第三点都成立则输出1，否则输出0。在这种情况下，由于第二点不是完全明确的，但考虑到攻击方法可能适用于代码模型，我会偏向于输出1。

最终答案：1

请注意，这个分析基于摘要内容，可能需要阅读完整的论文来确定更具体的细节和应用范围。",1
Reference,Learning to Represent Programs with Graphs,"根据您提供的论文摘要内容，以下是我的分析和解答：

1. **总结文章内容**：
   该文章讨论了在源代码上执行学习任务的方法，并提出了一种利用代码已知语法特点的新方法。作者建议使用图（graphs）来表示代码的语法和语义结构，并采用基于图的深度学习方法来推理程序结构。文章介绍了如何从源代码构建图以及如何扩展门控图神经网络（Gated Graph Neural Networks）以训练这些大型图。作者通过两个任务——VarNaming（预测给定用法的变量名）和VarMisuse（在给定程序位置选择正确的变量）——来评估他们的方法，并与使用结构化程度较低的程序表示的方法进行了比较。

2. **判断是否关于代码模型任务**：
   是的，这篇文章明确关注于代码模型任务，而不是自然语言处理（NLP）领域。它专注于使用图神经网络对源代码进行分析和预测，这涉及到对代码结构进行推理，与传统的NLP方法不同。

3. **分析是否涉及代码任务模型安全领域**：
   从提供的摘要来看，文章并未明确提到涉及代码模型任务的安全性领域，如攻击和防御。文章主要关注如何通过图神经网络来改善变量命名和使用的预测。

4. **综合分类**：
   根据上述分析，第二点（关于代码模型任务）是符合的，但第三点（涉及代码任务模型安全领域）不符合。因此，根据您的指示，最后输出的数字是 **0**。

希望我的分析对您有所帮助。如果您需要更深入的分析或对文章的其它方面有疑问，欢迎继续提问。",0
Reference,Towards Deep Learning Models Resistant to Adversarial Attacks,"根据提供的论文摘要内容，以下是按照您的要求进行的分析和解答：

1. **总结文章内容**：
   这篇文章研究了深度神经网络对抗样本的鲁棒性。对抗样本是那些与自然数据几乎无法区分，但能导致网络错误分类的输入。文章通过鲁棒优化的视角，提供了一个广泛和统一的框架来理解之前在这个话题上的研究工作。文章的原则性方法使得作者能够确定可靠的方法来训练和攻击神经网络，并且在某种意义上是通用的。特别是，它们指定了一个具体的安全保障，可以抵御任何敌手。这些方法还提出了针对一阶敌手的安保性作为一种自然和广泛的安全保障。

2. **判断是否关于代码模型任务**：
   是的，文章提到的“训练网络”和“预先训练的模型”以及提供的HTTPS链接，暗示了这篇文章是关于实际的代码模型任务，而不是自然语言处理（NLP）领域。

3. **分析是否涉及模型安全领域**：
   是的，文章明确提到了“对抗攻击”和“安全保证”，这表明它涉及到代码任务模型的安全领域，包括攻击和防御。

4. **综合分类**：
   根据以上分析，第二点和第三点都是关于代码模型任务和安全领域的，因此输出结果为 **1**。

综上所述，这篇论文是关于深度学习模型在代码任务中的安全性问题，特别是关于如何通过鲁棒优化提高模型对对抗攻击的防御能力。",1
Reference,Attention is All you Need,"根据提供的论文摘要内容，以下是按照您的要求进行的分析和判断：

1. **总结文章内容：**
   这篇文章介绍了一种新的神经网络架构，称为Transformer，它完全基于注意力机制，摒弃了传统的循环和卷积结构。该模型在两个机器翻译任务（英语到德语和英语到法语）上的实验表明，它在质量上优于现有模型，并且更容易并行化，训练时间也显著减少。

2. **判断是否关于代码模型任务：**
   根据摘要内容，这篇文章主要关注的是序列到序列的转换模型，特别是机器翻译任务。它并没有直接提到代码相关的任务，而是集中在自然语言处理（NLP）领域。因此，它不是关于代码模型任务的。

3. **分析是否涉及针对代码任务模型的安全领域：**
   摘要中并没有提及任何关于代码任务模型的安全性，攻击或防御的内容。文章的重点是介绍一个新的网络架构及其在机器翻译任务上的表现。

4. **综合分类：**
   根据上述分析，这篇文章既不是关于代码模型任务，也没有涉及针对代码任务模型的安全领域。因此，根据您的分类标准，最终输出的数字是0。

综上所述，这篇文章与代码模型任务和安全领域无关。",0
Reference,Probabilistic model for code with decision trees,"根据提供的论文摘要内容，以下是按照您的要求进行的分析和判断：

1. **总结文章内容**：
   论文介绍了一种基于决策树学习的新方法，用于学习代码的精确和通用的概率模型。该方法特别适用于一类新兴的统计编程工具，这些工具可以利用从大型代码库（如GitHub）学习到的代码概率模型来对新程序进行预测（例如代码自动完成、修复等）。关键思想是将学习代码概率模型的问题表述为在抽象语法树（AST）上的一种特定领域语言中的决策树学习（称为TGen）。这使得作者能够根据动态计算出的上下文条件预测程序元素。此外，问题的表述还使得作者能够轻松实现已知的决策树学习算法，如ID3，以及提出新的变体ID3+和E13，这些变体在预测准确性上超过了ID3。

2. **判断是否涉及代码模型任务**：
   是的，这篇文章明确涉及了代码模型任务。它专注于学习编程语言的概率模型，并且应用于编程相关的任务（如代码自动完成和修复），而不是自然语言处理（NLP）领域。

3. **分析是否涉及针对代码任务模型的安全领域**：
   根据提供的摘要内容，文章并没有明确提及代码模型任务的安全领域，如攻击和防御。

4. **综合分类**：
   根据第二点和第三点的判断，由于文章确实涉及了代码模型任务（第二点为是），但未涉及代码任务模型的安全领域（第三点为否），因此综合分类结果为0。

最终答案：0",0
Reference,A Convolutional Attention Network for Extreme Summarization of Source Code,"根据提供的论文摘要内容，以下是按照您的要求进行的分析和总结：

1. **文章内容总结：**
   这篇文章介绍了一种新的神经网络架构，其特点是使用卷积来检测输入标记中的局部时间不变和长距离主题注意力特征。该架构特别适用于处理输入和输出维度不固定的任务。文章将这一架构应用于源代码片段的极端总结任务，即把代码片段总结成简短而有描述性的函数名式总结。模型通过序列生成总结，并在两个注意力机制上进行边际化：一个基于输入标记的注意力权重预测下一个总结标记，另一个能够将代码标记直接复制到总结中。

2. **是否关于代码模型任务：**
   是的，这篇文章明确提到了代码片段的总结，这是代码模型任务的一个实例。它不是关于自然语言处理（NLP）的，因为它的焦点是源代码的总结，而不是自然语言文本。

3. **是否涉及针对代码任务模型安全领域如攻击和防御：**
   从摘要来看，文章并没有提到与代码任务模型安全相关的内容，如攻击或防御策略。其焦点是改进代码总结的架构和机制，而不是安全性问题。

4. **综合分类：**
   根据您的指示，由于第二点（涉及代码模型任务）是正确的，而第三点（涉及代码任务模型安全领域）是错误的，因此综合分类的结果是0。

最终答案：0",0
Reference,Explaining and Harnessing Adversarial Examples,"根据提供的论文摘要内容，以下是按照您的指示进行的分析和回答：

1. **总结文章内容**：
   这篇文章探讨了机器学习模型，尤其是神经网络，在对抗性样本上表现出的脆弱性。对抗性样本是通过在数据集样本上故意添加小的但最坏情况下的扰动而产生的输入，这些输入能够导致模型以高置信度输出错误答案。文章提出了与传统解释（如非线性和过拟合）不同的观点，即神经网络易受对抗性扰动影响的主要原因是其线性本质。作者通过新的定量结果支持这一解释，并首次解释了对抗性样本在不同架构和训练集之间的泛化能力。此外，这一观点还提供了一个简单且快速的生成对抗性样本的方法。文章最后还提到，使用这种方法进行对抗性训练可以减少MNIST数据集上maxout网络的测试集错误率。

2. **判断是否关于代码模型任务**：
   是的，文章关注的是机器学习模型，尤其是神经网络的脆弱性问题，这通常与代码模型任务相关，因为它涉及到理解模型在处理输入数据时的内部机制和表现。

3. **分析是否涉及针对代码任务模型安全领域如攻击和防御**：
   是的，文章涉及到了模型安全性领域，特别是在讨论对抗性样本的攻击和防御方面。通过研究对抗性样本，文章实际上是在探索如何攻击模型，并提出了对抗性训练作为防御手段。

4. **综合分类**：
   根据第二点和第三点的分析，这篇文章既涉及了代码模型任务，也涉及了针对代码任务模型的安全领域，因此综合分类的结果为 **1**。

希望这个分析对您有所帮助！",1
Reference,Sequence to Sequence Learning with Neural Networks,"1. **总结该篇文章内容**：
   这篇文章介绍了一种通用的端到端的序列学习方法，使用多层长短期记忆网络（LSTM）来处理序列到向量的映射，并使用另一个深层LSTM从该向量解码目标序列。文章的主要成果是在WMT-14数据集上的英语到法语翻译任务中，LSTM翻译生成了34.8的BLEU分数，并且在长句子上表现良好。此外，文章还提到，通过使用LSTM重新排序基于短语的统计机器翻译系统产生的假设，BLEU分数可以提高至36.5，接近先前最先进的技术水平。文章还指出，LSTM学会了合理的短语和句子表示，这些表示对单词顺序敏感，并且相对不受主动语态和被动语态的影响。最后，文章发现，在所有源句中（但不是目标句子）反转单词的顺序可以显著提高LSTM的性能。

2. **判断是否是关于代码模型任务**：
   根据提供的摘要内容，这篇文章主要是关于自然语言处理（NLP）领域的，特别是序列到序列的学习，用于机器翻译。文章并未明确提到代码模型任务，而是聚焦于语言翻译，因此它不属于代码模型任务。

3. **分析是否涉及针对代码任务模型安全领域如攻击和防御**：
   摘要中并没有提到关于代码任务模型的攻击和防御，或者任何与模型安全性相关的讨论。内容主要关注于翻译任务的表现改进和模型架构。

4. **综合分类**：
   根据上述分析，这篇文章既不专注于代码模型任务（第2点为0），也不涉及代码任务模型的安全领域（第3点为0）。因此，**综合分类结果为0**。",0
Reference,Intriguing properties of neural networks,"根据提供的论文摘要内容，以下是按照您的要求进行的分析和回答：

1. **总结文章内容：**
   这篇文章主要讨论了深度神经网络（DNNs）的两个关键性质。首先，文章指出，在深度网络的较高层级，单个的高级单元与这些单元的随机线性组合之间没有明确的区别，表明语义信息是存储在整个空间中而不是单个单元中。其次，文章发现深度神经网络学习的输入输出映射在很大程度上是不连续的，这意味着通过优化网络的预测误差，可以找到一种几乎无法察觉的扰动，导致网络对图像的错误分类，而且这种扰动对于不同的网络和不同的数据集子集都有效。

2. **判断是否关于代码模型任务：**
   从摘要来看，文章讨论的是深度神经网络在视觉识别任务上的表现，并未明确指出涉及到代码模型任务。因此，它并不专注于代码相关的任务，而是更多关注于图像识别领域。

3. **分析是否涉及针对代码任务模型安全领域（如攻击和防御）：**
   尽管文章描述的是视觉识别领域的深度神经网络，但它确实讨论了模型的安全性问题，特别是关于通过特定扰动导致网络错误分类的问题。这种攻击方法（例如对抗攻击）与代码任务模型的安全性有直接关联，表明文章在某种程度上涉及到模型安全领域的概念。

4. **综合分类：**
   根据第二点和第三点的分析，文章并不专门针对代码模型任务（第二点为0），但确实涉及到了模型安全性问题（第三点为1）。根据您的指示，最终的综合分类应该是基于这两点，输出0。

综上所述，综合分类的结果是0。",0
Reference,ImageNet classification with deep convolutional neural networks,"根据提供的论文摘要内容，以下是按照您的要求进行的分析和判断：

1. **总结该篇文章内容：**
   论文描述了研究者训练了一个大型深度卷积神经网络（CNN）来对ImageNet LSVRC-2010竞赛中的120万张高分辨率图像进行分类。这个网络能够将图像分到1000个不同的类别中。通过测试数据，他们实现了37.5%的top-1错误率和17.0%的top-5错误率，显著优于之前的最先进技术。网络包含6000万个参数和65万个神经元，由5个卷积层、一些最大池化层以及3个全连接层组成，最后是一个1000路的softmax层。为了加速训练，使用了非饱和神经元和非常高效的GPU卷积操作实现。为了减少全连接层的过拟合，研究者使用了一种名为“dropout”的最近开发的正则化方法。

2. **判断是否是关于代码模型任务：**
   是的，这篇文章是关于代码模型任务的。它详细描述了一个用于图像识别的卷积神经网络的结构、训练方法及其在图像分类任务上的性能表现。尽管它没有直接提到代码的具体细节，但可以推断出这篇文章涉及到了构建和训练图像识别模型的代码实现。

3. **分析是否涉及针对代码任务模型安全领域如攻击和防御：**
   根据摘要内容，这篇文章并没有提到关于模型安全的攻击和防御。它主要集中在介绍网络结构、训练技巧以及模型在图像分类任务上的性能。

4. **综合分类：**
   根据第二点和第三点的分析，这篇文章关于代码模型任务（第二点为是），但并未涉及模型安全领域（第三点为否）。因此，根据您的分类要求，最终输出的数字是 **0**。

希望这个分析对您有所帮助！如果需要更多信息或者有其他问题，欢迎继续咨询。",0
Reference,Randomized Smoothing for Stochastic Optimization,"1. 总结文章内容：
   这篇文章分析了非光滑凸优化问题中随机优化程序的收敛速率。作者结合了随机平滑技术和加速梯度方法，得到了随机优化程序的收敛速率，这些速率在期望和高度概率下，对于梯度估计的方差具有最优的依赖性。据作者所知，这是首次针对非光滑优化的基于方差的速率。文章还提出了几种将结果应用于统计估计问题的方法，并提供了实验结果来证明所提出算法的有效性。此外，文章还描述了如何将算法与最近的去中心化优化工作相结合，以产生一个在顺序上最优的分布式随机优化算法。

2. 判断是否关于代码模型任务：
   从摘要来看，这篇文章主要关注优化算法的收敛性分析，尽管它可能用于各种应用领域（包括但不限于代码模型任务），但它的核心是数学优化和算法分析，并没有明确指出它是特定于代码模型任务的。

3. 分析是否涉及针对代码任务模型安全领域：
   摘要没有提及任何关于代码任务模型的安全领域，如攻击和防御。

4. 综合分类：
   根据以上分析，这篇文章并不专门针对代码模型任务，也没有涉及代码任务模型的安全领域。因此，最终的综合分类结果是0。",0
Reference,Can Large Language Models Reason about Program Invariants?,"1. 总结该篇文章内容：
   该篇文章探讨了利用大型语言模型来预测程序不变量的方法。不变量识别是程序分析中的一项重要任务，它在程序理解、错误查找、漏洞分析和形式化验证等方面有着广泛的应用。传统的识别程序不变量的工具依赖于动态分析，需要从多次执行中收集的追踪数据以生成可靠的不变量。文章指出，经过在源代码上训练并针对不变量生成进行微调的语言模型，能够以静态分析的方式执行不变量预测，而非动态分析。文章采用了一种逐步预测不变量的方法，通过这种方法，模型在静态分析中找到的不变量质量可以与动态分析工具在获取五条程序追踪后得到的结果相媲美。

2. 判断是否是关于代码模型任务：
   是的，这篇文章明确关注于代码模型任务，具体是在源代码上训练并微调大型语言模型以预测程序不变量，这是一个典型的程序分析任务，涉及到代码理解和分析，而非自然语言处理（NLP）领域。

3. 分析是否涉及针对代码任务模型安全领域如攻击和防御：
   根据提供的摘要内容，文章并未直接提及代码任务模型在安全领域的应用，如攻击和防御。它主要关注的是利用大型语言模型进行不变量预测的技术和方法。

4. 综合分类：
   根据第二点和第三点的分析，该篇文章是关于代码模型任务（2），但未涉及代码任务模型在安全领域的攻击和防御（3）。因此，综合分类结果为 0。",0
Reference,BERT: Pre-training of Deep Bidirectional Transformers for Language Understanding,"根据提供的论文摘要内容，以下是按照您的要求进行的分析和综合分类：

1. **总结文章内容**：
   论文介绍了一种名为BERT（Bidirectional Encoder Representations from Transformers）的语言表示模型。BERT的设计目的是通过同时考虑所有层的左右文本来预训练深层的双向表示，这与之前的语言表示模型不同。预训练后的BERT模型只需添加一个额外的输出层，就可以为多种任务（如问答和语言推理）创建最先进的模型，而无需进行大量针对特定任务的架构修改。BERT在概念上简单且在实证上强大，在11个自然语言处理任务上获得了新的最先进的结果。

2. **判断是否关于代码模型任务**：
   根据摘要内容，这篇论文主要关注自然语言处理（NLP）领域的语言表示模型，并没有明确提到涉及代码相关的任务。因此，这篇文章不是关于代码模型任务的，输出为0。

3. **分析是否涉及针对代码任务模型安全领域**：
   摘要中没有提到关于代码任务模型的安全性，如攻击和防御，而是集中在NLP任务的性能改进上。因此，该论文不涉及针对代码任务模型安全领域的内容，输出为0。

4. **综合分类**：
   根据第二点和第三点的分析，这两点均为0，所以根据您提供的分类规则，最终的综合分类结果为0。

综上所述，根据提供的摘要内容，该论文既不关注代码模型任务，也不涉及代码任务模型的安全领域，因此最终的分类结果为0。",0
